{"version":"0.1","links":{"link-mail":"mailto:me@ricmoo.com","link-alchemy":"https://alchemyapi.io","link-cloudflare":"https://developers.cloudflare.com/distributed-web/ethereum-gateway/","link-ens":"https://ens.domains/","link-ethereum":"https://ethereumorg","link-etherscan":"https://etherscan.io","link-expo":"https://expo.io","link-etherscan-api":"https://etherscan.io/apis","link-flatworm":"https://github.com/ricmoo/flatworm","link-geth":"https://geth.ethereum.org","link-infura":"https://infura.io","link-javascriptcore":"https://developer.apple.com/documentation/javascriptcore?language=objc","link-ledger":"https://www.ledger.com","link-metamask":"https://metamask.io/","link-otto":"https://github.com/robertkrimen/otto","link-parity":"https://www.parity.io","link-pocket":"https://pokt.network","link-react-native":"https://reactnative.dev","link-rtd":"https://github.com/readthedocs/sphinx_rtd_theme","link-semver":"https://semver.org","link-solidity":"https://solidity.readthedocs.io/","link-solidity-events":"https://docs.soliditylang.org/en/v0.8.1/abi-spec.html#events","link-sphinx":"https://www.sphinx-doc.org/","link-alchemy-signup":"https://dashboard.alchemyapi.io/signup?referral=55a35117-028e-4b7c-9e47-e275ad0acc6d","link-etherscan-signup":"https://etherscan.io/apis","link-etherscan-ratelimit":"https://info.etherscan.com/api-return-errors/","link-infura-signup":"https://infura.io/register","link-pocket-signup":"https://pokt.network/pocket-gateway-ethereum-mainnet/","link-json-rpc":"https://github.com/ethereum/wiki/wiki/JSON-RPC","link-web3-send":"https://github.com/ethereum/web3.js/blob/1.x/packages/web3-providers-http/types/index.d.ts#L57","link-parity-trace":"https://openethereum.github.io/wiki/JSONRPC-trace-module","link-parity-rpc":"https://openethereum.github.io/wiki/JSONRPC","link-geth-debug":"https://github.com/ethereum/go-ethereum/wiki/Management-APIs#debug","link-geth-rpc":"https://github.com/ethereum/go-ethereum/wiki/Management-APIs","link-legacy-docs3":"https://docs.ethers.io/v3/","link-legacy-docs4":"https://docs.ethers.io/v4/","link-github-ci":"https://github.com/ethers-io/ethers.js/actions/runs/158006903","link-github-issues":"https://github.com/ethers-io/ethers.js/issues","link-issue-407":"https://github.com/ethers-io/ethers.js/issues/407","link-infura-secret":"https://infura.io/docs/gettingStarted/authentication","link-web3":"https://github.com/ethereum/web3.js","link-web3-http":"https://github.com/ethereum/web3.js/tree/1.x/packages/web3-providers-http","link-web3-ipc":"https://github.com/ethereum/web3.js/tree/1.x/packages/web3-providers-ipc","link-web3-ws":"https://github.com/ethereum/web3.js/tree/1.x/packages/web3-providers-ws","link-solc-output":"https://solidity.readthedocs.io/en/v0.6.0/using-the-compiler.html#output-description","link-bip39-wordlists":"https://github.com/bitcoin/bips/blob/master/bip-0039/bip-0039-wordlists.md","link-icap":"https://github.com/ethereum/wiki/wiki/Inter-exchange-Client-Address-Protocol-%28ICAP%29","link-jsonrpc":"https://github.com/ethereum/wiki/wiki/JSON-RPC","link-mit":"https://en.m.wikipedia.org/wiki/MIT_License","link-namehash":"https://docs.ens.domains/contract-api-reference/name-processing#hashing-names","link-rlp":"https://github.com/ethereum/wiki/wiki/RLP","link-ethersio":"https://ethers.io/","link-ethers-docs":"https://docs.ethers.io/","link-ethers-js":"https://cdn.ethers.io/lib/ethers-5.0.esm.min.js","link-ethers-npm":"https://www.npmjs.com/search?q=%40ethersproject%2F","link-ethers-asm-grammar":"https://github.com/ethers-io/ethers.js/blob/master/packages/asm/grammar.jison","link-eip-155":"https://eips.ethereum.org/EIPS/eip-155","link-eip-191":"https://eips.ethereum.org/EIPS/eip-191","link-eip-609":"https://eips.ethereum.org/EIPS/eip-609","link-eip-634":"https://eips.ethereum.org/EIPS/eip-634","link-eip-712":"https://eips.ethereum.org/EIPS/eip-712","link-eip-1014":"https://eips.ethereum.org/EIPS/eip-1014","link-eip-1193":"https://eips.ethereum.org/EIPS/eip-1193","link-eip-1577":"https://eips.ethereum.org/EIPS/eip-1577","link-eip-2098":"https://eips.ethereum.org/EIPS/eip-2098","link-eip-2304":"https://eips.ethereum.org/EIPS/eip-2304","link-bip-39":"https://en.bitcoin.it/wiki/BIP_0039","link-bip-32":"https://github.com/bitcoin/bips/blob/master/bip-0032.mediawiki","link-bip-44":"https://en.bitcoin.it/wiki/BIP_0044","link-npm-elliptic":"https://www.npmjs.com/package/elliptic","link-npm-ethersproject-shims":"https://www.npmjs.com/package/@ethersproject/shims","link-npm-events":"https://nodejs.org/dist/latest-v13.x/docs/api/events.html#events_class_eventemitter","link-npm-bnjs":"https://www.npmjs.com/package/bn.js","link-npm-query-bignumber":"https://www.npmjs.com/search?q=bignumber","link-npm-react-native-get-random-values":"https://www.npmjs.com/package/react-native-get-random-values","link-js-array":"https://developer.mozilla.org/en-US/docs/Web/JavaScript/Reference/Global_Objects/Array","link-js-bigint":"https://developer.mozilla.org/en-US/docs/Web/JavaScript/Reference/Global_Objects/BigInt","link-js-normalize":"https://developer.mozilla.org/en-US/docs/Web/JavaScript/Reference/Global_Objects/String/normalize","link-js-maxsafe":"https://developer.mozilla.org/en-US/docs/Web/JavaScript/Reference/Global_Objects/Number/MAX_SAFE_INTEGER#Description","link-js-proxy":"https://developer.mozilla.org/en-US/docs/Web/JavaScript/Reference/Global_Objects/Proxy","link-js-typedarray":"https://developer.mozilla.org/en-US/docs/Web/JavaScript/Reference/Global_Objects/TypedArray","link-cors":"https://developer.mozilla.org/en-US/docs/Web/HTTP/CORS","link-ricmoo-humanreadableabi":"https://blog.ricmoo.com/human-readable-contract-abis-in-ethers-js-141902f4d917","link-other-ethereum-dev-docs":"https://ethereum.org/en/developers/docs/","link-wiki-basicauth":"https://en.wikipedia.org/wiki/Basic_access_authentication","link-wiki-backoff":"https://en.wikipedia.org/wiki/Exponential_backoff","link-wiki-bloomfilter":"https://en.wikipedia.org/wiki/Bloom_filter","link-wiki-bruteforce":"https://en.wikipedia.org/wiki/Brute-force_attack","link-wiki-cryptographichash":"https://en.wikipedia.org/wiki/Cryptographic_hash_function","link-wiki-ecrecover":"https://en.wikipedia.org/wiki/Elliptic_Curve_Digital_Signature_Algorithm#Public_key_recovery","link-wiki-homoglyph":"https://en.wikipedia.org/wiki/IDN_homograph_attack","link-wiki-hmac":"https://en.wikipedia.org/wiki/HMAC","link-wiki-iban":"https://en.wikipedia.org/wiki/International_Bank_Account_Number","link-wiki-ieee754":"https://en.wikipedia.org/wiki/Double-precision_floating-point_format","link-wiki-observer-pattern":"https://en.wikipedia.org/wiki/Observer_pattern","link-wiki-ripemd":"https://en.m.wikipedia.org/wiki/RIPEMD","link-wiki-sha2":"https://en.wikipedia.org/wiki/SHA-2","link-wiki-twoscomplement":"https://en.wikipedia.org/wiki/Two%27s_complement","link-wiki-unicode-equivalence":"https://en.wikipedia.org/wiki/Unicode_equivalence","link-wiki-utf8-overlong":"https://en.wikipedia.org/wiki/UTF-8#Overlong_encodings","link-wiki-utf8-replacement":"https://en.wikipedia.org/wiki/Specials_%28Unicode_block%29#Replacement_character","link-wiki-scrypt":"https://en.wikipedia.org/wiki/Scrypt","link-wiki-sha3":"https://en.wikipedia.org/wiki/SHA-3","link-wiki-shuffle":"https://en.wikipedia.org/wiki/Fisher-Yates_shuffle","link-wiki-overflow":"https://en.wikipedia.org/wiki/Integer_overflow","link-wiki-underflow":"https://en.wikipedia.org/wiki/Arithmetic_underflow","ContractFactory":"/v5/api/contract/contract-factory/","ContractFactory--creating":"/v5/api/contract/contract-factory/#ContractFactory--creating","ContractFactory-connect":"/v5/api/contract/contract-factory/#ContractFactory-connect","ContractFactory--properties":"/v5/api/contract/contract-factory/#ContractFactory--properties","ContractFactory--methods":"/v5/api/contract/contract-factory/#ContractFactory--methods","ContractFactory-attach":"/v5/api/contract/contract-factory/#ContractFactory-attach","ContractFactory-deploy":"/v5/api/contract/contract-factory/#ContractFactory-deploy","Contract":"/v5/api/contract/contract/","Contract--creating":"/v5/api/contract/contract/#Contract--creating","Contract-attach":"/v5/api/contract/contract/#Contract-attach","Contract-connect":"/v5/api/contract/contract/#Contract-connect","Contract--properties":"/v5/api/contract/contract/#Contract--properties","Contract--methods":"/v5/api/contract/contract/#Contract--methods","Contract-deployed":"/v5/api/contract/contract/#Contract-deployed","Contract-isIndexed":"/v5/api/contract/contract/#Contract-isIndexed","Contract--events":"/v5/api/contract/contract/#Contract--events","Contract-queryFilter":"/v5/api/contract/contract/#Contract-queryFilter","Contract-listenerCount":"/v5/api/contract/contract/#Contract-listenerCount","Contract-listeners":"/v5/api/contract/contract/#Contract-listeners","Contract-off":"/v5/api/contract/contract/#Contract-off","Contract-on":"/v5/api/contract/contract/#Contract-on","Contract-once":"/v5/api/contract/contract/#Contract-once","Contract-removeAllListeners":"/v5/api/contract/contract/#Contract-removeAllListeners","Contract--metaclass":"/v5/api/contract/contract/#Contract--metaclass","Contract--readonly":"/v5/api/contract/contract/#Contract--readonly","Contract-functionsCall":"/v5/api/contract/contract/#Contract-functionsCall","Contract--write":"/v5/api/contract/contract/#Contract--write","contract-functionsSend":"/v5/api/contract/contract/#contract-functionsSend","Contract--check":"/v5/api/contract/contract/#Contract--check","contract-estimateGas":"/v5/api/contract/contract/#contract-estimateGas","contract-populateTransaction":"/v5/api/contract/contract/#contract-populateTransaction","contract-callStatic":"/v5/api/contract/contract/#contract-callStatic","Contract--filters":"/v5/api/contract/contract/#Contract--filters","erc20-events":"/v5/api/contract/example/#erc20-events","erc20-queryfilter":"/v5/api/contract/example/#erc20-queryfilter","contracts":"/v5/api/contract/","experimental-brainwallet":"/v5/api/experimental/#experimental-brainwallet","experimental-eip1193bridge":"/v5/api/experimental/#experimental-eip1193bridge","experimental-noncemanager":"/v5/api/experimental/#experimental-noncemanager","api":"/v5/api/","asm-utilities":"/v5/api/other/assembly/api/","asm-parse":"/v5/api/other/assembly/api/#asm-parse","asm-bytecode":"/v5/api/other/assembly/api/#asm-bytecode","asm-operation":"/v5/api/other/assembly/api/#asm-operation","asm-opcode":"/v5/api/other/assembly/api/#asm-opcode","asm-ast":"/v5/api/other/assembly/ast/","asm-location":"/v5/api/other/assembly/ast/#asm-location","asm-node":"/v5/api/other/assembly/ast/#asm-node","asm-valuenode":"/v5/api/other/assembly/ast/#asm-valuenode","asm-literalnode":"/v5/api/other/assembly/ast/#asm-literalnode","asm-popnode":"/v5/api/other/assembly/ast/#asm-popnode","asm-linknode":"/v5/api/other/assembly/ast/#asm-linknode","asm-opcodenode":"/v5/api/other/assembly/ast/#asm-opcodenode","asm-evaluationnode":"/v5/api/other/assembly/ast/#asm-evaluationnode","asm-executionnode":"/v5/api/other/assembly/ast/#asm-executionnode","asm-labellednode":"/v5/api/other/assembly/ast/#asm-labellednode","asm-labelnode":"/v5/api/other/assembly/ast/#asm-labelnode","asm-datanode":"/v5/api/other/assembly/ast/#asm-datanode","asm-scopenode":"/v5/api/other/assembly/ast/#asm-scopenode","asm-dialect":"/v5/api/other/assembly/dialect/","asm-dialect-opcode":"/v5/api/other/assembly/dialect/#asm-dialect-opcode","asm-dialect-label":"/v5/api/other/assembly/dialect/#asm-dialect-label","asm-dialect-literal":"/v5/api/other/assembly/dialect/#asm-dialect-literal","asm-dialect-comment":"/v5/api/other/assembly/dialect/#asm-dialect-comment","asm-dialect-scope":"/v5/api/other/assembly/dialect/#asm-dialect-scope","asm-dialect-datasegment":"/v5/api/other/assembly/dialect/#asm-dialect-datasegment","asm-dialect-links":"/v5/api/other/assembly/dialect/#asm-dialect-links","asm-dialect-placeholder":"/v5/api/other/assembly/dialect/#asm-dialect-placeholder","asm-dialect-scripting":"/v5/api/other/assembly/dialect/#asm-dialect-scripting","hw-ledger":"/v5/api/other/hardware/#hw-ledger","api-providers":"/v5/api/providers/api-providers/","EtherscanProvider":"/v5/api/providers/api-providers/#EtherscanProvider","InfuraProvider":"/v5/api/providers/api-providers/#InfuraProvider","InfuraProvider-getWebSocketProvider":"/v5/api/providers/api-providers/#InfuraProvider-getWebSocketProvider","AlchemyProvider":"/v5/api/providers/api-providers/#AlchemyProvider","CloudflareProvider":"/v5/api/providers/api-providers/#CloudflareProvider","providers":"/v5/api/providers/","providers-getDefaultProvider":"/v5/api/providers/#providers-getDefaultProvider","JsonRpcProvider":"/v5/api/providers/jsonrpc-provider/","JsonRpcProvider-getSigner":"/v5/api/providers/jsonrpc-provider/#JsonRpcProvider-getSigner","JsonRpcProvider-getUncheckedSigner":"/v5/api/providers/jsonrpc-provider/#JsonRpcProvider-getUncheckedSigner","JsonRpcProvider-listAccounts":"/v5/api/providers/jsonrpc-provider/#JsonRpcProvider-listAccounts","JsonRpcProvider-send":"/v5/api/providers/jsonrpc-provider/#JsonRpcProvider-send","JsonRpcSigner":"/v5/api/providers/jsonrpc-provider/#JsonRpcSigner","JsonRpcSigner-connectUnchecked":"/v5/api/providers/jsonrpc-provider/#JsonRpcSigner-connectUnchecked","JsonRpcSigner-sendUncheckedTransaction":"/v5/api/providers/jsonrpc-provider/#JsonRpcSigner-sendUncheckedTransaction","JsonRpcSigner-unlock":"/v5/api/providers/jsonrpc-provider/#JsonRpcSigner-unlock","UncheckedJsonRpcSigner":"/v5/api/providers/jsonrpc-provider/#UncheckedJsonRpcSigner","JsonRpcProvider--other":"/v5/api/providers/jsonrpc-provider/#JsonRpcProvider--other","FallbackProvider":"/v5/api/providers/other/#FallbackProvider","FallbackProviderConfig":"/v5/api/providers/other/#FallbackProviderConfig","IpcProvider":"/v5/api/providers/other/#IpcProvider","UrlJsonRpcProvider":"/v5/api/providers/other/#UrlJsonRpcProvider","Web3Provider":"/v5/api/providers/other/#Web3Provider","Web3Provider--ExternalProvider":"/v5/api/providers/other/#Web3Provider--ExternalProvider","WebSocketProvider":"/v5/api/providers/other/#WebSocketProvider","Provider":"/v5/api/providers/provider/","Provider--account-methods":"/v5/api/providers/provider/#Provider--account-methods","Provider-getBalance":"/v5/api/providers/provider/#Provider-getBalance","Provider-getCode":"/v5/api/providers/provider/#Provider-getCode","Provider-getStorageAt":"/v5/api/providers/provider/#Provider-getStorageAt","Provider-getTransactionCount":"/v5/api/providers/provider/#Provider-getTransactionCount","Provider--block-methods":"/v5/api/providers/provider/#Provider--block-methods","Provider-getBlock":"/v5/api/providers/provider/#Provider-getBlock","Provider-getBlockWithTransactions":"/v5/api/providers/provider/#Provider-getBlockWithTransactions","Provider--ens-methods":"/v5/api/providers/provider/#Provider--ens-methods","Provider-lookupAddress":"/v5/api/providers/provider/#Provider-lookupAddress","Provider-ResolveName":"/v5/api/providers/provider/#Provider-ResolveName","EnsResolver":"/v5/api/providers/provider/#EnsResolver","Provider--log-methods":"/v5/api/providers/provider/#Provider--log-methods","Provider-getLogs":"/v5/api/providers/provider/#Provider-getLogs","Provider--network-methods":"/v5/api/providers/provider/#Provider--network-methods","Provider-getNetwork":"/v5/api/providers/provider/#Provider-getNetwork","Provider-getBlockNumber":"/v5/api/providers/provider/#Provider-getBlockNumber","Provider-getGasPrice":"/v5/api/providers/provider/#Provider-getGasPrice","Provider-ready":"/v5/api/providers/provider/#Provider-ready","Provider--transaction-methods":"/v5/api/providers/provider/#Provider--transaction-methods","Provider-call":"/v5/api/providers/provider/#Provider-call","Provider-estimateGas":"/v5/api/providers/provider/#Provider-estimateGas","Provider-getTransaction":"/v5/api/providers/provider/#Provider-getTransaction","Provider-getTransactionReceipt":"/v5/api/providers/provider/#Provider-getTransactionReceipt","Provider-sendTransaction":"/v5/api/providers/provider/#Provider-sendTransaction","Provider-waitForTransaction":"/v5/api/providers/provider/#Provider-waitForTransaction","Provider--event-methods":"/v5/api/providers/provider/#Provider--event-methods","Provider-on":"/v5/api/providers/provider/#Provider-on","Provider-once":"/v5/api/providers/provider/#Provider-once","Provider-emit":"/v5/api/providers/provider/#Provider-emit","Provider-off":"/v5/api/providers/provider/#Provider-off","Provider-removeAllListeners":"/v5/api/providers/provider/#Provider-removeAllListeners","Provider-listenerCount":"/v5/api/providers/provider/#Provider-listenerCount","Provider-listeners":"/v5/api/providers/provider/#Provider-listeners","Provider--events":"/v5/api/providers/provider/#Provider--events","Provider--inspection-methods":"/v5/api/providers/provider/#Provider--inspection-methods","Provider-isProvider":"/v5/api/providers/provider/#Provider-isProvider","providers-BlockTag":"/v5/api/providers/types/#providers-BlockTag","providers-Networkish":"/v5/api/providers/types/#providers-Networkish","providers-Network":"/v5/api/providers/types/#providers-Network","providers-Block":"/v5/api/providers/types/#providers-Block","providers-BlockWithTransactions":"/v5/api/providers/types/#providers-BlockWithTransactions","providers-EventFilter":"/v5/api/providers/types/#providers-EventFilter","providers-Filter":"/v5/api/providers/types/#providers-Filter","providers-FilterByBlockHash":"/v5/api/providers/types/#providers-FilterByBlockHash","providers-Log":"/v5/api/providers/types/#providers-Log","providers-TransactionRequest":"/v5/api/providers/types/#providers-TransactionRequest","providers-TransactionResponse":"/v5/api/providers/types/#providers-TransactionResponse","providers-TransactionReceipt":"/v5/api/providers/types/#providers-TransactionReceipt","signers":"/v5/api/signer/","Signer":"/v5/api/signer/#Signer","Signer-connect":"/v5/api/signer/#Signer-connect","Signer-getaddress":"/v5/api/signer/#Signer-getaddress","Signer-isSigner":"/v5/api/signer/#Signer-isSigner","Signer--blockchain-methods":"/v5/api/signer/#Signer--blockchain-methods","Signer-getBalance":"/v5/api/signer/#Signer-getBalance","Signer-getChainId":"/v5/api/signer/#Signer-getChainId","Signer-getGasPrice":"/v5/api/signer/#Signer-getGasPrice","Signer-getTransactionCount":"/v5/api/signer/#Signer-getTransactionCount","Signer-call":"/v5/api/signer/#Signer-call","Signer-estimateGas":"/v5/api/signer/#Signer-estimateGas","Signer-resolveName":"/v5/api/signer/#Signer-resolveName","Signer--signing-methods":"/v5/api/signer/#Signer--signing-methods","Signer-signMessage":"/v5/api/signer/#Signer-signMessage","Signer-signTransaction":"/v5/api/signer/#Signer-signTransaction","Signer-sendTransaction":"/v5/api/signer/#Signer-sendTransaction","Signer-signTypedData":"/v5/api/signer/#Signer-signTypedData","Signer--subclassing":"/v5/api/signer/#Signer--subclassing","Signer-checkTransaction":"/v5/api/signer/#Signer-checkTransaction","Signer-populateTransaction":"/v5/api/signer/#Signer-populateTransaction","Wallet":"/v5/api/signer/#Wallet","Wallet-constructor":"/v5/api/signer/#Wallet-constructor","Wallet-createRandom":"/v5/api/signer/#Wallet-createRandom","Wallet-fromEncryptedJson":"/v5/api/signer/#Wallet-fromEncryptedJson","Wallet-fromEncryptedJsonSync":"/v5/api/signer/#Wallet-fromEncryptedJsonSync","Wallet.fromMnemonic":"/v5/api/signer/#Wallet.fromMnemonic","Wallet--properties":"/v5/api/signer/#Wallet--properties","Wallet--methods":"/v5/api/signer/#Wallet--methods","Wallet-encrypt":"/v5/api/signer/#Wallet-encrypt","VoidSigner":"/v5/api/signer/#VoidSigner","ExternallyOwnedAccount":"/v5/api/signer/#ExternallyOwnedAccount","AbiCoder":"/v5/api/utils/abi/coder/","AbiCoder--creating":"/v5/api/utils/abi/coder/#AbiCoder--creating","AbiCoder--methods":"/v5/api/utils/abi/coder/#AbiCoder--methods","AbiCoder-encode":"/v5/api/utils/abi/coder/#AbiCoder-encode","AbiCoder-decode":"/v5/api/utils/abi/coder/#AbiCoder-decode","abi-formats":"/v5/api/utils/abi/formats/","abi-formats--human-readable-abi":"/v5/api/utils/abi/formats/#abi-formats--human-readable-abi","abi-formats--solidity":"/v5/api/utils/abi/formats/#abi-formats--solidity","fragments":"/v5/api/utils/abi/fragments/","fragments--output-formats":"/v5/api/utils/abi/fragments/#fragments--output-formats","Fragment":"/v5/api/utils/abi/fragments/#Fragment","Fragment-from":"/v5/api/utils/abi/fragments/#Fragment-from","Fragment-isFragment":"/v5/api/utils/abi/fragments/#Fragment-isFragment","ConstructorFragment":"/v5/api/utils/abi/fragments/#ConstructorFragment","ConstructorFragment-from":"/v5/api/utils/abi/fragments/#ConstructorFragment-from","ConstructorFragment-isConstructorFragment":"/v5/api/utils/abi/fragments/#ConstructorFragment-isConstructorFragment","EventFragment":"/v5/api/utils/abi/fragments/#EventFragment","EventFragment-from":"/v5/api/utils/abi/fragments/#EventFragment-from","EventFragment-isEventFragment":"/v5/api/utils/abi/fragments/#EventFragment-isEventFragment","FunctionFragment":"/v5/api/utils/abi/fragments/#FunctionFragment","FunctionFragment-from":"/v5/api/utils/abi/fragments/#FunctionFragment-from","FunctionFragment-isFunctionFragment":"/v5/api/utils/abi/fragments/#FunctionFragment-isFunctionFragment","ParamType":"/v5/api/utils/abi/fragments/#ParamType","ParamType-name":"/v5/api/utils/abi/fragments/#ParamType-name","ParamType-type":"/v5/api/utils/abi/fragments/#ParamType-type","ParamType-baseType":"/v5/api/utils/abi/fragments/#ParamType-baseType","ParamType-indexed":"/v5/api/utils/abi/fragments/#ParamType-indexed","ParamType-arrayChildren":"/v5/api/utils/abi/fragments/#ParamType-arrayChildren","ParamType-arrayLength":"/v5/api/utils/abi/fragments/#ParamType-arrayLength","ParamType-components":"/v5/api/utils/abi/fragments/#ParamType-components","ParamType-from":"/v5/api/utils/abi/fragments/#ParamType-from","ParamType-isParamType":"/v5/api/utils/abi/fragments/#ParamType-isParamType","Interface":"/v5/api/utils/abi/interface/","Interface--creating":"/v5/api/utils/abi/interface/#Interface--creating","Interface--properties":"/v5/api/utils/abi/interface/#Interface--properties","Interface--formatting":"/v5/api/utils/abi/interface/#Interface--formatting","Interface--fragments":"/v5/api/utils/abi/interface/#Interface--fragments","Interface--selectors":"/v5/api/utils/abi/interface/#Interface--selectors","Interface--encoding":"/v5/api/utils/abi/interface/#Interface--encoding","Interface--decoding":"/v5/api/utils/abi/interface/#Interface--decoding","Interface--parsing":"/v5/api/utils/abi/interface/#Interface--parsing","Interface--types":"/v5/api/utils/abi/interface/#Interface--types","Result":"/v5/api/utils/abi/interface/#Result","LogDescription":"/v5/api/utils/abi/interface/#LogDescription","TransactionDescription":"/v5/api/utils/abi/interface/#TransactionDescription","Interface--specifying-fragments":"/v5/api/utils/abi/interface/#Interface--specifying-fragments","addresses":"/v5/api/utils/address/","address-formats":"/v5/api/utils/address/#address-formats","address":"/v5/api/utils/address/#address","address-icap":"/v5/api/utils/address/#address-icap","utils--address":"/v5/api/utils/address/#utils--address","utils-getAddress":"/v5/api/utils/address/#utils-getAddress","utils-getIcapAddress":"/v5/api/utils/address/#utils-getIcapAddress","utils-isAddress":"/v5/api/utils/address/#utils-isAddress","utils--address-derivation":"/v5/api/utils/address/#utils--address-derivation","utils-computeAddress":"/v5/api/utils/address/#utils-computeAddress","utils-recoverAddress":"/v5/api/utils/address/#utils-recoverAddress","utils--contract-addresses":"/v5/api/utils/address/#utils--contract-addresses","utils-getContractAddress":"/v5/api/utils/address/#utils-getContractAddress","utils-getCreate2Address":"/v5/api/utils/address/#utils-getCreate2Address","BigNumber":"/v5/api/utils/bignumber/","BigNumber--types":"/v5/api/utils/bignumber/#BigNumber--types","BigNumberish":"/v5/api/utils/bignumber/#BigNumberish","BigNumber--creating":"/v5/api/utils/bignumber/#BigNumber--creating","BigNumber--methods":"/v5/api/utils/bignumber/#BigNumber--methods","BigNumber--notes":"/v5/api/utils/bignumber/#BigNumber--notes","BigNumber--notes-safenumbers":"/v5/api/utils/bignumber/#BigNumber--notes-safenumbers","Bytes":"/v5/api/utils/bytes/#Bytes","BytesLike":"/v5/api/utils/bytes/#BytesLike","DataHexString":"/v5/api/utils/bytes/#DataHexString","HexString":"/v5/api/utils/bytes/#HexString","Signature":"/v5/api/utils/bytes/#Signature","signature-raw":"/v5/api/utils/bytes/#signature-raw","SignatureLike":"/v5/api/utils/bytes/#SignatureLike","utils-isBytes":"/v5/api/utils/bytes/#utils-isBytes","utils-isBytesLike":"/v5/api/utils/bytes/#utils-isBytesLike","utils-isHexString":"/v5/api/utils/bytes/#utils-isHexString","utils-arrayify":"/v5/api/utils/bytes/#utils-arrayify","utils-hexlify":"/v5/api/utils/bytes/#utils-hexlify","utils-hexValue":"/v5/api/utils/bytes/#utils-hexValue","utils-concat":"/v5/api/utils/bytes/#utils-concat","utils-stripZeros":"/v5/api/utils/bytes/#utils-stripZeros","utils-zeroPad":"/v5/api/utils/bytes/#utils-zeroPad","utils-hexConcat":"/v5/api/utils/bytes/#utils-hexConcat","utils-hexDataLength":"/v5/api/utils/bytes/#utils-hexDataLength","utils-hexDataSlice":"/v5/api/utils/bytes/#utils-hexDataSlice","utils-hexStripZeros":"/v5/api/utils/bytes/#utils-hexStripZeros","utils-hexZeroPad":"/v5/api/utils/bytes/#utils-hexZeroPad","utils-joinSignature":"/v5/api/utils/bytes/#utils-joinSignature","utils-splitSignature":"/v5/api/utils/bytes/#utils-splitSignature","utils-randomBytes":"/v5/api/utils/bytes/#utils-randomBytes","utils-shuffled":"/v5/api/utils/bytes/#utils-shuffled","constants":"/v5/api/utils/constants/","constants-AddressZero":"/v5/api/utils/constants/#constants-AddressZero","constants-HashZero":"/v5/api/utils/constants/#constants-HashZero","constants-EtherSymbol":"/v5/api/utils/constants/#constants-EtherSymbol","constants-NegativeOne":"/v5/api/utils/constants/#constants-NegativeOne","constants-Zero":"/v5/api/utils/constants/#constants-Zero","constants-One":"/v5/api/utils/constants/#constants-One","constants-Two":"/v5/api/utils/constants/#constants-Two","constants-WeiPerEther":"/v5/api/utils/constants/#constants-WeiPerEther","constants-MaxUint256":"/v5/api/utils/constants/#constants-MaxUint256","display-logic":"/v5/api/utils/display-logic/","display-logic--units":"/v5/api/utils/display-logic/#display-logic--units","display-logic--named-units":"/v5/api/utils/display-logic/#display-logic--named-units","display-logic--functions":"/v5/api/utils/display-logic/#display-logic--functions","display-logic--formatting":"/v5/api/utils/display-logic/#display-logic--formatting","utils-commify":"/v5/api/utils/display-logic/#utils-commify","unit-conversion":"/v5/api/utils/display-logic/#unit-conversion","utils-formatUnits":"/v5/api/utils/display-logic/#utils-formatUnits","utils-formatEther":"/v5/api/utils/display-logic/#utils-formatEther","utils-parseUnits":"/v5/api/utils/display-logic/#utils-parseUnits","utils-parseEther":"/v5/api/utils/display-logic/#utils-parseEther","encoding":"/v5/api/utils/encoding/","Bse58":"/v5/api/utils/encoding/#Bse58","Base64":"/v5/api/utils/encoding/#Base64","rlp--methods":"/v5/api/utils/encoding/#rlp--methods","utils-rlpEncode":"/v5/api/utils/encoding/#utils-rlpEncode","utils.rlpDecode":"/v5/api/utils/encoding/#utils.rlpDecode","rlp--dataobject":"/v5/api/utils/encoding/#rlp--dataobject","FixedNumber":"/v5/api/utils/fixednumber/","FixedFormat":"/v5/api/utils/fixednumber/#FixedFormat","FixedFormat--strings":"/v5/api/utils/fixednumber/#FixedFormat--strings","FixedNumber-from":"/v5/api/utils/fixednumber/#FixedNumber-from","hashing-algorithms":"/v5/api/utils/hashing/","cryptographic-hash-functions":"/v5/api/utils/hashing/#cryptographic-hash-functions","utils-id":"/v5/api/utils/hashing/#utils-id","utils-keccak256":"/v5/api/utils/hashing/#utils-keccak256","utils-ripemd160":"/v5/api/utils/hashing/#utils-ripemd160","utils-sha256":"/v5/api/utils/hashing/#utils-sha256","utils-sha512":"/v5/api/utils/hashing/#utils-sha512","utils--hmac":"/v5/api/utils/hashing/#utils--hmac","utils-computeHmac":"/v5/api/utils/hashing/#utils-computeHmac","utils--hmac-supported-algorithm":"/v5/api/utils/hashing/#utils--hmac-supported-algorithm","utils--hashing-helpers":"/v5/api/utils/hashing/#utils--hashing-helpers","utils-hashMessage":"/v5/api/utils/hashing/#utils-hashMessage","utils-namehash":"/v5/api/utils/hashing/#utils-namehash","TypedDataEncoder":"/v5/api/utils/hashing/#TypedDataEncoder","TypedDataEncoder-from":"/v5/api/utils/hashing/#TypedDataEncoder-from","TypedDataEncoder-encode":"/v5/api/utils/hashing/#TypedDataEncoder-encode","TypedDataEncoder-getPayload":"/v5/api/utils/hashing/#TypedDataEncoder-getPayload","TypedDataEncoder-getPrimaryType":"/v5/api/utils/hashing/#TypedDataEncoder-getPrimaryType","TypedDataEncoder-hash":"/v5/api/utils/hashing/#TypedDataEncoder-hash","TypedDataEncoder-hashDomain":"/v5/api/utils/hashing/#TypedDataEncoder-hashDomain","TypedDataEncoder-resolveNames":"/v5/api/utils/hashing/#TypedDataEncoder-resolveNames","utils--solidity-hashing":"/v5/api/utils/hashing/#utils--solidity-hashing","utils-solidityPack":"/v5/api/utils/hashing/#utils-solidityPack","utils-solidityKeccak256":"/v5/api/utils/hashing/#utils-solidityKeccak256","utils-soliditySha256":"/v5/api/utils/hashing/#utils-soliditySha256","hdnodes":"/v5/api/utils/hdnode/","hdnodes--defaultpath":"/v5/api/utils/hdnode/#hdnodes--defaultpath","Mnemonic":"/v5/api/utils/hdnode/#Mnemonic","HDNode":"/v5/api/utils/hdnode/#HDNode","HDNode--creating":"/v5/api/utils/hdnode/#HDNode--creating","HDNode-fromMnemonic":"/v5/api/utils/hdnode/#HDNode-fromMnemonic","HDNode-fromSeed":"/v5/api/utils/hdnode/#HDNode-fromSeed","HDNode-fromExtendedKey":"/v5/api/utils/hdnode/#HDNode-fromExtendedKey","HDNode--properties":"/v5/api/utils/hdnode/#HDNode--properties","HDNode--methods":"/v5/api/utils/hdnode/#HDNode--methods","HDNode-neuter":"/v5/api/utils/hdnode/#HDNode-neuter","HDNode-derivePath":"/v5/api/utils/hdnode/#HDNode-derivePath","HDNode--utilities":"/v5/api/utils/hdnode/#HDNode--utilities","utils-mnemonicToSeed":"/v5/api/utils/hdnode/#utils-mnemonicToSeed","utils-mnemonicToEntropy":"/v5/api/utils/hdnode/#utils-mnemonicToEntropy","utils-isValidMnemonic":"/v5/api/utils/hdnode/#utils-isValidMnemonic","logging":"/v5/api/utils/logger/","Logger":"/v5/api/utils/logger/#Logger","Logger-checkAbstract":"/v5/api/utils/logger/#Logger-checkAbstract","Logger-checkArgumentCount":"/v5/api/utils/logger/#Logger-checkArgumentCount","Logger-checkNew":"/v5/api/utils/logger/#Logger-checkNew","Logger-checkNoralize":"/v5/api/utils/logger/#Logger-checkNoralize","Logger-checkSafeUint53":"/v5/api/utils/logger/#Logger-checkSafeUint53","Logger--censorship":"/v5/api/utils/logger/#Logger--censorship","Logger-setCensorship":"/v5/api/utils/logger/#Logger-setCensorship","Logger-setLogLevel":"/v5/api/utils/logger/#Logger-setLogLevel","errors":"/v5/api/utils/logger/#errors","errors-generic":"/v5/api/utils/logger/#errors-generic","errors--not-implemented":"/v5/api/utils/logger/#errors--not-implemented","errors--server-error":"/v5/api/utils/logger/#errors--server-error","errors--timeout":"/v5/api/utils/logger/#errors--timeout","errors--unknown-error":"/v5/api/utils/logger/#errors--unknown-error","errors--unsupported-operation":"/v5/api/utils/logger/#errors--unsupported-operation","errors-safety":"/v5/api/utils/logger/#errors-safety","errors--buffer-overrun":"/v5/api/utils/logger/#errors--buffer-overrun","errors--numeric-fault":"/v5/api/utils/logger/#errors--numeric-fault","errors-usage":"/v5/api/utils/logger/#errors-usage","errors--invalid-argument":"/v5/api/utils/logger/#errors--invalid-argument","errors--missing-argument":"/v5/api/utils/logger/#errors--missing-argument","errors--missing-new":"/v5/api/utils/logger/#errors--missing-new","errors--unexpected-argument":"/v5/api/utils/logger/#errors--unexpected-argument","errors-ethereum":"/v5/api/utils/logger/#errors-ethereum","errors--call-exception":"/v5/api/utils/logger/#errors--call-exception","errors--insufficient-funds":"/v5/api/utils/logger/#errors--insufficient-funds","errors--network":"/v5/api/utils/logger/#errors--network","errors--nonce-expired":"/v5/api/utils/logger/#errors--nonce-expired","errors--replacement-underpriced":"/v5/api/utils/logger/#errors--replacement-underpriced","errors--unpredicatable-gas-limit":"/v5/api/utils/logger/#errors--unpredicatable-gas-limit","Logger-levels":"/v5/api/utils/logger/#Logger-levels","utils-resolveproperties":"/v5/api/utils/properties/#utils-resolveproperties","SigningKey":"/v5/api/utils/signing-key/","SigningKey-constructor":"/v5/api/utils/signing-key/#SigningKey-constructor","utils-verifyMessage":"/v5/api/utils/signing-key/#utils-verifyMessage","utils-verifyTypedData":"/v5/api/utils/signing-key/#utils-verifyTypedData","utils-recoverPublicKey":"/v5/api/utils/signing-key/#utils-recoverPublicKey","utils-computePublicKey":"/v5/api/utils/signing-key/#utils-computePublicKey","strings":"/v5/api/utils/strings/","Bytes32String":"/v5/api/utils/strings/#Bytes32String","utils-parseBytes32":"/v5/api/utils/strings/#utils-parseBytes32","utils-formatBytes32":"/v5/api/utils/strings/#utils-formatBytes32","strings-utf8":"/v5/api/utils/strings/#strings-utf8","utils-toUtf8Bytes":"/v5/api/utils/strings/#utils-toUtf8Bytes","utils-toUtf8CodePoints":"/v5/api/utils/strings/#utils-toUtf8CodePoints","utils-toUtf8String":"/v5/api/utils/strings/#utils-toUtf8String","strings--unicode-normalization-form":"/v5/api/utils/strings/#strings--unicode-normalization-form","strings--error-handling":"/v5/api/utils/strings/#strings--error-handling","strings--error-reasons":"/v5/api/utils/strings/#strings--error-reasons","strings--Utf8Error":"/v5/api/utils/strings/#strings--Utf8Error","strings--Utf8Ignore":"/v5/api/utils/strings/#strings--Utf8Ignore","strings--Utf8Replace":"/v5/api/utils/strings/#strings--Utf8Replace","transactions":"/v5/api/utils/transactions/","transactions--types":"/v5/api/utils/transactions/#transactions--types","UnsignedTransaction":"/v5/api/utils/transactions/#UnsignedTransaction","Transaction":"/v5/api/utils/transactions/#Transaction","transactions--functions":"/v5/api/utils/transactions/#transactions--functions","utils-parseTransaction":"/v5/api/utils/transactions/#utils-parseTransaction","utils-serializeTransaction":"/v5/api/utils/transactions/#utils-serializeTransaction","web":"/v5/api/utils/web/","utils-fetchJson":"/v5/api/utils/web/#utils-fetchJson","utils-poll":"/v5/api/utils/web/#utils-poll","ConnectionInfo":"/v5/api/utils/web/#ConnectionInfo","PollOptions":"/v5/api/utils/web/#PollOptions","wordlists":"/v5/api/utils/wordlists/","Wordlist":"/v5/api/utils/wordlists/#Wordlist","wordlists--languages":"/v5/api/utils/wordlists/#wordlists--languages","api-keys":"/v5/api-keys/","api-keys--etherscan":"/v5/api-keys/#api-keys--etherscan","api-keys--infura":"/v5/api-keys/#api-keys--infura","api-keys--alchemy":"/v5/api-keys/#api-keys--alchemy","api-keys--pocket-gateway":"/v5/api-keys/#api-keys--pocket-gateway","api-keys--getDefaultProvider":"/v5/api-keys/#api-keys--getDefaultProvider","cli-asm":"/v5/cli/asm/","cliex-init":"/v5/cli/ethers/#cliex-init","cliex-send":"/v5/cli/ethers/#cliex-send","cliex-signing":"/v5/cli/ethers/#cliex-signing","cliex-scripting":"/v5/cli/ethers/#cliex-scripting","cliex-mnemonicpassword":"/v5/cli/ethers/#cliex-mnemonicpassword","cliex-mnemonicpassword-xxx":"/v5/cli/ethers/#cliex-mnemonicpassword-xxx","cli-diy":"/v5/cli/plugin/","cli-cli":"/v5/cli/plugin/#cli-cli","cli-addplugin":"/v5/cli/plugin/#cli-addplugin","cli-setplugin":"/v5/cli/plugin/#cli-setplugin","cli-showusage":"/v5/cli/plugin/#cli-showusage","cli-run":"/v5/cli/plugin/#cli-run","cli-plugin":"/v5/cli/plugin/#cli-plugin","plugin-prepareoptions":"/v5/cli/plugin/#plugin-prepareoptions","plugin-prepareargs":"/v5/cli/plugin/#plugin-prepareargs","plugin-run":"/v5/cli/plugin/#plugin-run","plugin-getaddress":"/v5/cli/plugin/#plugin-getaddress","plugin-dump":"/v5/cli/plugin/#plugin-dump","plugin-throwusageerror":"/v5/cli/plugin/#plugin-throwusageerror","plugin-throwerror":"/v5/cli/plugin/#plugin-throwerror","plugin-gethelp":"/v5/cli/plugin/#plugin-gethelp","plugin-getoptionshelp":"/v5/cli/plugin/#plugin-getoptionshelp","cli-argparser":"/v5/cli/plugin/#cli-argparser","argparser-consumeflag":"/v5/cli/plugin/#argparser-consumeflag","argparser-consumemultioptions":"/v5/cli/plugin/#argparser-consumemultioptions","argparser-consumeoption":"/v5/cli/plugin/#argparser-consumeoption","argparser-consumeoptions":"/v5/cli/plugin/#argparser-consumeoptions","best-practices":"/v5/concepts/best-practices/","events":"/v5/concepts/events/","events--filters":"/v5/concepts/events/#events--filters","events-solidity":"/v5/concepts/events/#events-solidity","gas":"/v5/concepts/gas/","gas-price":"/v5/concepts/gas/#gas-price","gas-limit":"/v5/concepts/gas/#gas-limit","security":"/v5/concepts/security/","security--pbkdf":"/v5/concepts/security/#security--pbkdf","contributing":"/v5/contributing/","contributing--building":"/v5/contributing/#contributing--building","contributing--updating":"/v5/contributing/#contributing--updating","contributing--documentation":"/v5/contributing/#contributing--documentation","cookbook-reactnative":"/v5/cookbook/react-native/","cookbook-reactnative-shims":"/v5/cookbook/react-native/#cookbook-reactnative-shims","cookbook-reactnative-security":"/v5/cookbook/react-native/#cookbook-reactnative-security","flatworm":"/v5/documentation/","flatworm-fragments":"/v5/documentation/#flatworm-fragments","flatworm-directive":"/v5/documentation/#flatworm-directive","flatworm-markdown":"/v5/documentation/#flatworm-markdown","flatworm--code":"/v5/documentation/#flatworm--code","flatworm--code-eval":"/v5/documentation/#flatworm--code-eval","flatworm--table":"/v5/documentation/#flatworm--table","flatworm--table-row":"/v5/documentation/#flatworm--table-row","flatworm--table-alignment":"/v5/documentation/#flatworm--table-alignment","flatworm--table-spanning":"/v5/documentation/#flatworm--table-spanning","flatworm--table-style":"/v5/documentation/#flatworm--table-style","flatworm--table-variable":"/v5/documentation/#flatworm--table-variable","flatworm-config":"/v5/documentation/#flatworm-config","flatworm-extensions":"/v5/documentation/#flatworm-extensions","flatworm--ext-inherit":"/v5/documentation/#flatworm--ext-inherit","flatworm--ext-lang":"/v5/documentation/#flatworm--ext-lang","flatworm--ext-nav":"/v5/documentation/#flatworm--ext-nav","flatworm--ext-note":"/v5/documentation/#flatworm--ext-note","flatworm--ext-src":"/v5/documentation/#flatworm--ext-src","flatworm--ext-style":"/v5/documentation/#flatworm--ext-style","getting-started":"/v5/getting-started/","installing":"/v5/getting-started/#installing","importing":"/v5/getting-started/#importing","getting-started--glossary":"/v5/getting-started/#getting-started--glossary","getting-started--connecting":"/v5/getting-started/#getting-started--connecting","getting-started--connecting-rpc":"/v5/getting-started/#getting-started--connecting-rpc","getting-started--querying":"/v5/getting-started/#getting-started--querying","getting-started--sending":"/v5/getting-started/#getting-started--sending","getting-started--contracts":"/v5/getting-started/#getting-started--contracts","getting-started--reading":"/v5/getting-started/#getting-started--reading","getting-started--writing":"/v5/getting-started/#getting-started--writing","getting-started--events":"/v5/getting-started/#getting-started--events","getting-started--history":"/v5/getting-started/#getting-started--history","getting-started--signing":"/v5/getting-started/#getting-started--signing","documentation":"/v5/","preamble":"/v5/#preamble","features":"/v5/#features","documentation--legacy":"/v5/#documentation--legacy","license":"/v5/license/","migration-v4":"/v5/migration/ethers-v4/","migration":"/v5/migration/","testing-supported":"/v5/testing/#testing-supported","testing-suites":"/v5/testing/#testing-suites","testing-api":"/v5/testing/#testing-api","testing-schemas":"/v5/testing/#testing-schemas"}}